document_id,page_number,provider,model,experiment,latency_ms,raw_cer,normalized_cer,raw_wer,normalized_wer,critical_field_total,critical_field_exact_accuracy,critical_field_accuracy,table_tp,table_fp,table_fn,table_detection_precision,table_detection_recall,table_detection_f1,row_count_accuracy,column_count_accuracy,cell_text_correct,cell_text_total,cell_text_accuracy,table_continuation_correct,table_continuation_total,table_continuation_accuracy
DOC-101,1,mistral,mistral-ocr-4,raw,6139.786200015806,0.0008032128514056225,0.0008032128514056225,0.003838771593090211,0.003838771593090211,1,0.0,1.0,0,0,0,1.0,1.0,1.0,,,0,0,,0,0,
DOC-101,2,mistral,mistral-ocr-4,raw,4682.335400022566,0.0,0.0,0.0,0.0,2,1.0,1.0,0,0,0,1.0,1.0,1.0,,,0,0,,0,0,
DOC-102,1,mistral,mistral-ocr-4,raw,3289.279399905354,0.0,0.0,0.0,0.0,3,1.0,1.0,0,0,0,1.0,1.0,1.0,,,0,0,,0,0,
DOC-102,2,mistral,mistral-ocr-4,raw,3277.032500016503,0.19858156028368795,0.15602836879432624,0.2727272727272727,0.2727272727272727,0,,,1,0,0,1.0,1.0,1.0,0.0,1.0,39,54,0.7222222222222222,0,1,0.0
DOC-102,3,mistral,mistral-ocr-4,raw,3640.3952999971807,0.24482758620689654,0.18620689655172415,0.3181818181818182,0.3181818181818182,1,1.0,1.0,0,1,0,0.0,1.0,0.0,,,0,0,,0,0,
DOC-103,1,mistral,mistral-ocr-4,raw,13314.819699968211,0.0008285004142502071,0.0,0.0,0.0,5,1.0,1.0,0,0,0,1.0,1.0,1.0,,,0,0,,0,0,
DOC-103,2,mistral,mistral-ocr-4,raw,3671.525300014764,0.14461538461538462,0.12205128205128205,0.1829787234042553,0.1829787234042553,0,,,1,0,0,1.0,1.0,1.0,0.0,1.0,69,90,0.7666666666666667,0,1,0.0
DOC-103,3,mistral,mistral-ocr-4,raw,2878.0526000773534,0.1848816029143898,0.1575591985428051,0.25098039215686274,0.25098039215686274,0,,,1,1,0,0.5,1.0,0.6666666666666666,0.0,1.0,4,54,0.07407407407407407,0,1,0.0
DOC-103,4,mistral,mistral-ocr-4,raw,2818.362500052899,0.19828815977175462,0.1754636233951498,0.2275449101796407,0.2275449101796407,1,0.0,0.0,0,1,0,0.0,1.0,0.0,,,0,0,,0,0,
